reward	an ornate white gift present with a ribbon
pity	an ornate yellow gift present with a ribbon
reroll	a pair of arrows forming a loop, green-to-teal gradient, two arrows, NOT A STICKER, thick 3d, big heads of arrows
order	a rolled parchment order scroll, ancient yellowed paper
star	a gold five-point star
timer	an hourglass, wood and glass, rich color
locked-unknown	a question mark badge for a locked/unknown entry
combat-power	a 3/4 view armoured mailed fist — the universal COMBAT POWER icon, gold metal to deep orange gradient. Iconographic, like the gonzo journalism logo
limit-potion	a round clear glass flask with a cork stopper and yellow/orange/red/gold fluid inside, half way full, fat chibi bottleneck, deep hues and exciting swirling gradients
merge	a single chromatic iridescent glass jigsaw puzzle piece, thick
